{
	"Nature": {
		"がんばりや"	:"0",
		"さみしがり"	:"1",
		"ゆうかん"		:"2",
		"いじっぱり"	:"3",
		"やんちゃ"		:"4",
		"ずぶとい"		:"5",
		"すなお"		:"6",
		"のんき"		:"7",
		"わんぱく"		:"8",
		"のうてんき"	:"9",
		"おくびょう"	:"10",
		"せっかち"		:"11",
		"まじめ"		:"12",
		"ようき"		:"13",
		"むじゃき"		:"14",
		"ひかえめ"		:"15",
		"おっとり"		:"16",
		"れいせい"		:"17",
		"てれや"		:"18",
		"うっかりや"	:"19",
		"おだやか"		:"20",
		"おとなしい"	:"21",
		"なまいき"		:"22",
		"しんちょう"	:"23",
		"きまぐれ"		:"24",
	},
	"Characteristic": {
		"ひるねをよくする"		:"0",
		"あばれることがすき"	:"1",
		"うたれづよい"			:"2",
		"ものおとにびんかん"	:"3",
		"イタズラがすき"		:"4",
		"ちょっぴりみえっぱり"	:"5",
	},
	"Ability": [
		"特性1",
		"特性2",
		"不明(通常特性)",
		"夢特性",
	],
	"Status": [
		"H",
		"A",
		"B",
		"C",
		"D",
		"S",
	],
	"SystemLabel": {
		"Tab35": "★3～5",
		"Tab12": "★1～2",
		"TabList": "リスト出力",
		"Ivs": "個体値：",
		"Nature": "性格：",
		"HiddenPossible": "夢特性あり",
		"GenderFixed": "性別固定/不明",
		"Pokemon35_1_2V": "4匹目-2Vから検索",
		"Pokemon35_1_3V": "4匹目-3Vから検索",
		"Pokemon35_2": "4匹目-3V～4V",
		"Pokemon35_3": "5匹目",
		"Pokemon12_1": "1匹目",
		"Pokemon12_2": "2匹目",
		"CheckIvsButton": "個体値チェック",
		"CheckIvsResultTitle": "結果：",
		"ListVCount": "V固定数：",
		"MaxFrame": "最大消費数：",
		"OnlyShiny": "色違いのみ",
		"ShowSeed": "Seedの値を表示する",
		"ListButton": "リスト出力",
		"ShowDuration": "計算時間を表示",
		"StartSearch": "検索開始",
		"Searching": "検索中",
		"RerollsBefore": "V箇所のズレを考慮",
		"RerollsAfter": "回まで",
		"SearchStop": "1つ見つけたら終了",
	},
	"CheckIvsResult": [
		"NG！",
		"OK！ Next -> 3V",
		"OK！ Next -> 4V",
		"OK！ Next -> 3V or 4V",
	],
	"ErrorMessage": {
		"DialogTitle": "エラー",
		"IvsFormat": "個体値の入力が不正です。\n（0～31の半角数字）",
		"IvsStrict1": "1匹目のポケモンは個体値31が1箇所でなければいけません。",
		"IvsStrict2": "2匹目のポケモンは個体値31が1箇所以上でなければいけません。",
		"IvsStrict351_3V": "4匹目-3Vのポケモンは個体値31が3箇所でなければいけません。",
		"IvsStrict351_2V": "4匹目-2Vのポケモンは個体値31が2箇所でなければいけません。",
		"NotSearchTab": "検索したいレイドによって\n★3～5か★1～2のタブを開いてください。",
		"NotFound": "Den Seedが見つかりませんでした。\n「V箇所のズレを考慮」の数字を増やすと見つかる可能性があります。",
		"DenSeedFormat": "Den Seedの入力が不正です。",
		"MaxFrameFormat": "最大消費数の入力が不正です。",
		"VCountFormat": "V固定数の入力が不正です。",
	},
	"SystemMessage": {
		"ResultDialogTitle": "結果",
		"FindManySeeds": "複数のDen Seedが見つかりました。\n全ての候補はseeds.txtをご確認ください。",
	},
	"ListLabel": {
		"Frame": "消費数",
		"Ability": "特性",
		"HiddenAbility": "夢",
		"Nature": "性格",
		"Shiny": "色違い",
		"StarShiny": "★",
		"SquareShiny": "◆",
	},
}