{
	"Nature": {
		"勤奋"	:"0",
		"怕寂寞"	:"1",
		"勇敢"		:"2",
		"固执"	:"3",
		"顽皮"		:"4",
		"大胆"		:"5",
		"坦率"		:"6",
		"悠闲"		:"7",
		"淘气"		:"8",
		"乐天"	:"9",
		"胆小"	:"10",
		"急躁"		:"11",
		"认真"		:"12",
		"爽朗"		:"13",
		"天真"		:"14",
		"内敛"		:"15",
		"慢吞吞"		:"16",
		"冷静"		:"17",
		"害羞"		:"18",
		"马虎"	:"19",
		"温和"		:"20",
		"温顺"	:"21",
		"自大"		:"22",
		"慎重"	:"23",
		"浮躁"		:"24",
	},
	"Characteristic": {
		"经常睡午觉"		:"0",
		"喜欢胡闹"	:"1",
		"抗打能力强"			:"2",
		"对声音敏感"	:"3",
		"喜欢恶作剧"		:"4",
		"有一点点爱慕虚荣"	:"5",
	},
	"Ability": [
		"特性1",
		"特性2",
		"普通特性",
		"隐藏特性",
	],
	"Status": [
		"HP",
		"攻击",
		"防御",
		"特攻",
		"特防",
		"速度",
	],
	"SystemLabel": {
		"Tab35": "3★-5★",
		"Tab12": "1★-2★",
		"TabList": "列表",
		"Ivs": "个体值:",
		"Nature": "性格:",
		"HiddenPossible": "巢穴战可能出隐藏特性",
		"GenderFixed": "性别固定",
		"Pokemon35_1_2V": "第4只怪-2V模式",
		"Pokemon35_1_3V": "第4只怪-3V模式",
		"Pokemon35_2": "第4只怪-3或4V",
		"Pokemon35_3": "第5只怪",
		"Pokemon12_1": "第1只怪",
		"Pokemon12_2": "第2只怪",
		"CheckIvsButton": "检查个体值",
		"CheckIvsResultTitle": "结果",
		"ListVCount": "固定V数",
		"MaxFrame": "最大帧数",
		"OnlyShiny": "仅列出异色",
		"ShowSeed": "显示种子",
		"ListButton": "生成列表",
		"ShowDuration": "显示计算时间",
		"StartSearch": "开始搜索",
		"Searching": "搜索中",
		"RerollsBefore": "允许个体值存在",
		"RerollsAfter": "点误差",
		"SearchStop": "找到一个种子时停止",
	},
	"CheckIvsResult": [
		"失败!",
		"成功! 下一个 -> 3V",
		"成功! 下一个 -> 4V",
		"成功! 下一个 -> 3V或4V皆可",
	],
	"ErrorMessage": {
		"DialogTitle": "错误",
		"IvsFormat": "个体值必须在0到31之间",
		"IvsStrict1": "第一只怪至少1V",
		"IvsStrict2": "第二只怪至少1V",
		"IvsStrict351_3V": "第4只怪-3V搜索模式下，第一个框的怪必须固定3V",
		"IvsStrict351_2V": "第4只怪-2V搜索模式下，第一个框的怪必须固定2V",
		"NotSearchTab": "请打开搜索界面再点击搜索",
		"NotFound": "计算失败! 请尝试调整个体值误差范围",
		"DenSeedFormat": "种子格式错误",
		"MaxFrameFormat": "最大帧数必须为整数",
		"VCountFormat": "固定V数格式错误",
	},
	"SystemMessage": {
		"ResultDialogTitle": "结果",
		"FindManySeeds": "找到了多个种子，详见seeds.txt",
	},
	"ListLabel": {
		"Frame": "帧数",
		"Ability": "特性",
		"HiddenAbility": "梦特",
		"Nature": "性格",
		"Shiny": "异色",
		"StarShiny": "★",
		"SquareShiny": "◆",
	},
}