{
	"Nature": {
		"Hardy"	:"0",
		"Lonely"	:"1",
		"Brave"		:"2",
		"Adamant"	:"3",
		"Naughty"		:"4",
		"Bold"		:"5",
		"Docile"		:"6",
		"Relaxed"		:"7",
		"Impish"		:"8",
		"Lax"	:"9",
		"Timid"	:"10",
		"Hasty"		:"11",
		"Serious"		:"12",
		"Jolly"		:"13",
		"Naive"		:"14",
		"Modest"		:"15",
		"Mild"		:"16",
		"Quiet"		:"17",
		"Bashful"		:"18",
		"Rash"	:"19",
		"Calm"		:"20",
		"Gentle"	:"21",
		"Sassy"		:"22",
		"Careful"	:"23",
		"Quirky"		:"24",
	},
	"Characteristic": {
		"Takes plenty of siestas"		:"0",
		"Likes to thrash about"	:"1",
		"Capable of taking hits"			:"2",
		"Alert to sounds"	:"3",
		"Mischievous"		:"4",
		"Somewhat vain"	:"5",
	},
	"Ability": [
		"Ability 1",
		"Ability 2",
		"Normal",
		"Hidden",
	],
	"Status": [
		"HP",
		"Atk",
		"Def",
		"SpA",
		"SpD",
		"Spe",
	],
	"SystemLabel": {
		"Tab35": "3★-5★",
		"Tab12": "1★-2★",
		"TabList": "List",
		"Ivs": "IVs:",
		"Nature": "Nature:",
		"HiddenPossible": "Possible Hidden Abil.",
		"GenderFixed": "Gender Fixed",
		"Pokemon35_1_2V": "4th Frame - 2 Max IVs",
		"Pokemon35_1_3V": "4th Frame - 3 Max IVs",
		"Pokemon35_2": "4th Frame - 3-4 Max IVs",
		"Pokemon35_3": "5th Frame",
		"Pokemon12_1": "1st Frame",
		"Pokemon12_2": "2nd Frame",
		"CheckIvsButton": "Check IVs",
		"CheckIvsResultTitle": "Result",
		"ListVCount": "Best IVs:",
		"MaxFrame": "Max Frames:",
		"OnlyShiny": "Only list Shiny Pokemon",
		"ShowSeed": "Include the seed",
		"ListButton": "Generate List",
		"ShowDuration": "Show calculation time",
		"StartSearch": "Start Search",
		"Searching": "Searching...",
		"RerollsBefore": "Allow IV Deviation",
		"RerollsAfter": "(Max 3)",
		"SearchStop": "Stop after finding the first seed",
	},
	"CheckIvsResult": [
		"No Good!",
		"OK! Next -> 3IV",
		"OK! Next -> 4IV",
		"OK! Next -> 3IV or 4IV",
	],
	"ErrorMessage": {
		"DialogTitle": "Error!",
		"IvsFormat": "Invalid IVs. Every IV should be a whole number between 0 and 31 (inclusive)",
		"IvsStrict1": "The first Pokemon must have at least one IV of 31.",
		"IvsStrict2": "The second Pokemon must have at least one IV of 31.",
		"IvsStrict351_3V": "4th Frame: 3IV Pokemon must have 3 IVs equal to 31.",
		"IvsStrict351_2V": "4th Frame: 2IV Pokemon must have 2 IVs equal to 31.",
		"NotSearchTab": "Please open the correct tab before searching for a Den Seed.",
		"NotFound": "Sorry! no Den Seed was found! Increasing the Allowed IV Deviation may help.",
		"DenSeedFormat": "Invalid Den Seed.",
		"MaxFrameFormat": "Invalid Max Frames. Please ensure that it is a number.",
		"VCountFormat": "Invalid Best IVs.",
	},
	"SystemMessage": {
		"ResultDialogTitle": "Results",
		"FindManySeeds": "Multiple possible Den Seeds were found. Check seeds.text for more details.",
	},
	"ListLabel": {
		"Frame": "Frames",
		"Ability": "Ability",
		"HiddenAbility": "Hidden Ability",
		"Nature": "Nature",
		"Shiny": "Shiny",
		"StarShiny": "Star",
		"SquareShiny": "Square",
	},
}